<?xml version="1.0" encoding="utf-8"?>
<merger version="3"><dataSet config="main" ignore_pattern="!.svn:!.git:!.ds_store:!*.scc:.*:&lt;dir>_*:!CVS:!thumbs.db:!picasa.ini:!*~"><source path="C:\Users\82102\AndroidStudioProjects\android\app\src\main\assets"><file name="mnist.tflite" path="C:\Users\82102\AndroidStudioProjects\android\app\src\main\assets\mnist.tflite"/></source><source path="C:\Users\82102\AndroidStudioProjects\android\app\build\intermediates\shader_assets\debug\out"/></dataSet><dataSet config="debug" ignore_pattern="!.svn:!.git:!.ds_store:!*.scc:.*:&lt;dir>_*:!CVS:!thumbs.db:!picasa.ini:!*~"><source path="C:\Users\82102\AndroidStudioProjects\android\app\src\debug\assets"/></dataSet></merger>