{
    "logs": [
        {
            "outputFile": "C:\\Users\\korea\\Daegu\\7day\\tflite-mnist-android-master\\tflite-mnist-android-master\\android\\app\\build\\intermediates\\incremental\\mergeDebugResources\\merged.dir\\values-xlarge-v4\\values-xlarge-v4.xml",
            "map": [
                {
                    "source": "C:\\Users\\korea\\.gradle\\caches\\transforms-1\\files-1.1\\appcompat-v7-28.0.0.aar\\cb3db18381d1724f21606923a8775e78\\res\\values-xlarge-v4\\values-xlarge-v4.xml",
                    "from": {
                        "startLines": "2,3,4,5,6,7",
                        "startColumns": "4,4,4,4,4,4",
                        "startOffsets": "55,126,197,267,337,405",
                        "endColumns": "70,70,69,69,67,67",
                        "endOffsets": "121,192,262,332,400,468"
                    }
                }
            ]
        }
    ]
}