{
    "logs": [
        {
            "outputFile": "C:\\Users\\korea\\Daegu\\7day\\tflite-mnist-android-master\\tflite-mnist-android-master\\android\\app\\build\\intermediates\\incremental\\mergeDebugResources\\merged.dir\\values-watch-v20\\values-watch-v20.xml",
            "map": [
                {
                    "source": "C:\\Users\\korea\\.gradle\\caches\\transforms-1\\files-1.1\\appcompat-v7-28.0.0.aar\\cb3db18381d1724f21606923a8775e78\\res\\values-watch-v20\\values-watch-v20.xml",
                    "from": {
                        "startLines": "2,5,8",
                        "startColumns": "4,4,4",
                        "startOffsets": "55,214,385",
                        "endLines": "4,7,10",
                        "endColumns": "12,12,12",
                        "endOffsets": "209,380,553"
                    }
                }
            ]
        }
    ]
}