{
    "logs": [
        {
            "outputFile": "C:\\Users\\korea\\Daegu\\7day\\tflite-mnist-android-master\\tflite-mnist-android-master\\android\\app\\build\\intermediates\\incremental\\mergeDebugResources\\merged.dir\\values-large-v4\\values-large-v4.xml",
            "map": [
                {
                    "source": "C:\\Users\\korea\\.gradle\\caches\\transforms-1\\files-1.1\\appcompat-v7-28.0.0.aar\\cb3db18381d1724f21606923a8775e78\\res\\values-large-v4\\values-large-v4.xml",
                    "from": {
                        "startLines": "2,3,4,5,6,7,8,9,10",
                        "startColumns": "4,4,4,4,4,4,4,4,4",
                        "startOffsets": "55,114,185,256,326,396,464,532,636",
                        "endColumns": "58,70,70,69,69,67,67,103,115",
                        "endOffsets": "109,180,251,321,391,459,527,631,747"
                    }
                }
            ]
        }
    ]
}