{
    "logs": [
        {
            "outputFile": "C:\\Users\\korea\\Daegu\\7day\\tflite-mnist-android-master\\tflite-mnist-android-master\\android\\app\\build\\intermediates\\incremental\\mergeDebugResources\\merged.dir\\values-land\\values-land.xml",
            "map": [
                {
                    "source": "C:\\Users\\korea\\.gradle\\caches\\transforms-1\\files-1.1\\appcompat-v7-28.0.0.aar\\cb3db18381d1724f21606923a8775e78\\res\\values-land\\values-land.xml",
                    "from": {
                        "startLines": "2,3,4",
                        "startColumns": "4,4,4",
                        "startOffsets": "55,125,196",
                        "endColumns": "69,70,67",
                        "endOffsets": "120,191,259"
                    }
                }
            ]
        }
    ]
}