{
    "logs": [
        {
            "outputFile": "C:\\Users\\korea\\Daegu\\7day\\tflite-mnist-android-master\\tflite-mnist-android-master\\android\\app\\build\\intermediates\\incremental\\mergeDebugResources\\merged.dir\\values-th\\values-th.xml",
            "map": [
                {
                    "source": "C:\\Users\\korea\\.gradle\\caches\\transforms-1\\files-1.1\\support-compat-28.0.0.aar\\08d086fd787cbf4f0e0d61a3edd96e2d\\res\\values-th\\values-th.xml",
                    "from": {
                        "startLines": "2",
                        "startColumns": "4",
                        "startOffsets": "55",
                        "endColumns": "100",
                        "endOffsets": "151"
                    },
                    "to": {
                        "startLines": "30",
                        "startColumns": "4",
                        "startOffsets": "2845",
                        "endColumns": "100",
                        "endOffsets": "2941"
                    }
                },
                {
                    "source": "C:\\Users\\korea\\.gradle\\caches\\transforms-1\\files-1.1\\appcompat-v7-28.0.0.aar\\cb3db18381d1724f21606923a8775e78\\res\\values-th\\values-th.xml",
                    "from": {
                        "startLines": "2,3,4,5,6,7,8,9,10,11,12,13,14,15,16,17,18,19,20,21,22,23,24,25,26,27,28,29",
                        "startColumns": "4,4,4,4,4,4,4,4,4,4,4,4,4,4,4,4,4,4,4,4,4,4,4,4,4,4,4,4",
                        "startOffsets": "105,210,308,416,505,607,717,794,872,963,1056,1152,1246,1347,1440,1535,1629,1720,1811,1892,2000,2104,2202,2310,2415,2516,2669,2764",
                        "endColumns": "104,97,107,88,101,109,76,77,90,92,95,93,100,92,94,93,90,90,80,107,103,97,107,104,100,152,94,80",
                        "endOffsets": "205,303,411,500,602,712,789,867,958,1051,1147,1241,1342,1435,1530,1624,1715,1806,1887,1995,2099,2197,2305,2410,2511,2664,2759,2840"
                    }
                }
            ]
        }
    ]
}