{
    "logs": [
        {
            "outputFile": "C:\\Users\\korea\\Daegu\\7day\\tflite-mnist-android-master\\tflite-mnist-android-master\\android\\app\\build\\intermediates\\incremental\\mergeDebugResources\\merged.dir\\values-ko\\values-ko.xml",
            "map": [
                {
                    "source": "C:\\Users\\korea\\.gradle\\caches\\transforms-1\\files-1.1\\appcompat-v7-28.0.0.aar\\cb3db18381d1724f21606923a8775e78\\res\\values-ko\\values-ko.xml",
                    "from": {
                        "startLines": "2,3,4,5,6,7,8,9,10,11,12,13,14,15,16,17,18,19,20,21,22,23,24,25,26,27,28,29",
                        "startColumns": "4,4,4,4,4,4,4,4,4,4,4,4,4,4,4,4,4,4,4,4,4,4,4,4,4,4,4,4",
                        "startOffsets": "105,200,294,396,478,576,682,761,837,928,1021,1113,1204,1305,1398,1493,1587,1678,1769,1849,1947,2042,2137,2237,2333,2432,2584,2678",
                        "endColumns": "94,93,101,81,97,105,78,75,90,92,91,90,100,92,94,93,90,90,79,97,94,94,99,95,98,151,93,77",
                        "endOffsets": "195,289,391,473,571,677,756,832,923,1016,1108,1199,1300,1393,1488,1582,1673,1764,1844,1942,2037,2132,2232,2328,2427,2579,2673,2751"
                    }
                },
                {
                    "source": "C:\\Users\\korea\\.gradle\\caches\\transforms-1\\files-1.1\\support-compat-28.0.0.aar\\08d086fd787cbf4f0e0d61a3edd96e2d\\res\\values-ko\\values-ko.xml",
                    "from": {
                        "startLines": "2",
                        "startColumns": "4",
                        "startOffsets": "55",
                        "endColumns": "100",
                        "endOffsets": "151"
                    },
                    "to": {
                        "startLines": "30",
                        "startColumns": "4",
                        "startOffsets": "2756",
                        "endColumns": "100",
                        "endOffsets": "2852"
                    }
                }
            ]
        }
    ]
}