{
    "logs": [
        {
            "outputFile": "C:\\Users\\korea\\Daegu\\7day\\tflite-mnist-android-master\\tflite-mnist-android-master\\android\\app\\build\\intermediates\\incremental\\mergeDebugResources\\merged.dir\\values-kn\\values-kn.xml",
            "map": [
                {
                    "source": "C:\\Users\\korea\\.gradle\\caches\\transforms-1\\files-1.1\\support-compat-28.0.0.aar\\08d086fd787cbf4f0e0d61a3edd96e2d\\res\\values-kn\\values-kn.xml",
                    "from": {
                        "startLines": "2",
                        "startColumns": "4",
                        "startOffsets": "55",
                        "endColumns": "100",
                        "endOffsets": "151"
                    },
                    "to": {
                        "startLines": "30",
                        "startColumns": "4",
                        "startOffsets": "2948",
                        "endColumns": "100",
                        "endOffsets": "3044"
                    }
                },
                {
                    "source": "C:\\Users\\korea\\.gradle\\caches\\transforms-1\\files-1.1\\appcompat-v7-28.0.0.aar\\cb3db18381d1724f21606923a8775e78\\res\\values-kn\\values-kn.xml",
                    "from": {
                        "startLines": "2,3,4,5,6,7,8,9,10,11,12,13,14,15,16,17,18,19,20,21,22,23,24,25,26,27,28,29",
                        "startColumns": "4,4,4,4,4,4,4,4,4,4,4,4,4,4,4,4,4,4,4,4,4,4,4,4,4,4,4,4",
                        "startOffsets": "105,223,335,448,536,643,770,847,924,1015,1108,1204,1298,1399,1492,1587,1681,1772,1863,1945,2061,2172,2271,2384,2488,2602,2766,2866",
                        "endColumns": "117,111,112,87,106,126,76,76,90,92,95,93,100,92,94,93,90,90,81,115,110,98,112,103,113,163,99,81",
                        "endOffsets": "218,330,443,531,638,765,842,919,1010,1103,1199,1293,1394,1487,1582,1676,1767,1858,1940,2056,2167,2266,2379,2483,2597,2761,2861,2943"
                    }
                }
            ]
        }
    ]
}