{
    "logs": [
        {
            "outputFile": "C:\\Users\\korea\\Daegu\\7day\\tflite-mnist-android-master\\tflite-mnist-android-master\\android\\app\\build\\intermediates\\incremental\\mergeDebugResources\\merged.dir\\values-bg\\values-bg.xml",
            "map": [
                {
                    "source": "C:\\Users\\korea\\.gradle\\caches\\transforms-1\\files-1.1\\support-compat-28.0.0.aar\\08d086fd787cbf4f0e0d61a3edd96e2d\\res\\values-bg\\values-bg.xml",
                    "from": {
                        "startLines": "2",
                        "startColumns": "4",
                        "startOffsets": "55",
                        "endColumns": "100",
                        "endOffsets": "151"
                    },
                    "to": {
                        "startLines": "30",
                        "startColumns": "4",
                        "startOffsets": "2930",
                        "endColumns": "100",
                        "endOffsets": "3026"
                    }
                },
                {
                    "source": "C:\\Users\\korea\\.gradle\\caches\\transforms-1\\files-1.1\\appcompat-v7-28.0.0.aar\\cb3db18381d1724f21606923a8775e78\\res\\values-bg\\values-bg.xml",
                    "from": {
                        "startLines": "2,3,4,5,6,7,8,9,10,11,12,13,14,15,16,17,18,19,20,21,22,23,24,25,26,27,28,29",
                        "startColumns": "4,4,4,4,4,4,4,4,4,4,4,4,4,4,4,4,4,4,4,4,4,4,4,4,4,4,4,4",
                        "startOffsets": "105,220,327,432,518,623,744,823,901,992,1085,1181,1275,1376,1469,1564,1672,1763,1854,1937,2051,2160,2260,2374,2480,2588,2748,2847",
                        "endColumns": "114,106,104,85,104,120,78,77,90,92,95,93,100,92,94,107,90,90,82,113,108,99,113,105,107,159,98,82",
                        "endOffsets": "215,322,427,513,618,739,818,896,987,1080,1176,1270,1371,1464,1559,1667,1758,1849,1932,2046,2155,2255,2369,2475,2583,2743,2842,2925"
                    }
                }
            ]
        }
    ]
}